[],"Better Python print statement:

name = 'Peter'
age = 23
print(f'{name} is {age} years old')

https://t.co/4uZyiW6HiE",andriyko,"Ottawa, ON, Canada"
"['devops', 'share', 'python', 'falconframework', 'knockoutjs']",RT @periket2000: 2019-10-29 06:00:01 #devops Share files with https://t.co/s4AzFm5SsZ üëç  #share #python #falconframework #knockoutjs,boina92,Paris
"['BigData', 'Analytics', 'DataScience', 'IoT', 'IIoT']",RT @gp_pulipaka: A Gentle Introduction to Conditional Probability with Cheat Sheet 2.0. #BigData #Analytics #DataScience #IoT #IIoT #PyTorc‚Ä¶,ArkangelScrap,France
"['TensorFlow', 'BigData', 'Analytics', 'DataScience', 'AI', 'MachineLearning']",RT @gp_pulipaka: TensorFlow 2.0: A Concise ML Developer Handbook of #TensorFlow 2.0. #BigData #Analytics #DataScience #AI #MachineLearning‚Ä¶,ArkangelScrap,France
"['BigData', 'Analytics', 'MachineLearning', 'DataScience', 'AI', 'IoT']",RT @gp_pulipaka: Rethinking Atrous Convolution for Semantic Image Segmentation. #BigData #Analytics #MachineLearning #DataScience #AI #IoT‚Ä¶,ArkangelScrap,France
"['Cancer', 'Keras', 'BigData', 'Analytics', 'DataScience', 'MachineLearning', 'AI', 'IoT', 'IIoT', 'PyTorch']",RT @gp_pulipaka: Breast #Cancer Classification with #Keras. #BigData #Analytics #DataScience #MachineLearning #AI #IoT #IIoT #PyTorch #Pyth‚Ä¶,ArkangelScrap,France
['udemy'],"RT @FreeDiscount45: Free Coupon Discount -  Angular 8 - The Complete Guide (2019+ Edition)

Link -&gt; https://t.co/D07dwpaZEO

#udemy #coupon‚Ä¶",AaronCuddeback,"Sacramento, CA"
"['BigData', 'Analytics', 'DataScience', 'AI', 'MachineLearning', 'IoT']","RT @gp_pulipaka: We Need AI That Is Explainable, Auditable, and Transparent. #BigData #Analytics #DataScience #AI #MachineLearning #IoT #II‚Ä¶",ArkangelScrap,France
"['BigData', 'Analytics', 'DataScience', 'AI', 'MachineLearning', 'IoT', 'IIoT']",RT @gp_pulipaka: Deepfakes: When a Picture Is Worth Nothing at All. #BigData #Analytics #DataScience #AI #MachineLearning #IoT #IIoT #PyTor‚Ä¶,ArkangelScrap,France
"['webdevelopment', 'angular']","Coupons For Free - Angular &amp; NodeJS - The MEAN Stack Guide &gt; https://t.co/ydGFZVLr4s

#webdevelopment #angular‚Ä¶ https://t.co/bpiK82GLl2",CouponsForFree3,
"['webdevelopment', 'angular', 'React']","RT @CouponsForFree3: Coupons For Free - Angular &amp; NodeJS - The MEAN Stack Guide &gt; https://t.co/ydGFZVLr4s

#webdevelopment #angular #React‚Ä¶",CoderNotesBot,codeanywhere.com
"['Python', 'earthanalytics']","Look, I'm tweeting from #Python in my #earthanalytics class! @EarthLabCU",DellyYusarAkbar,"‡∏Å‡∏£‡∏∏‡∏á‡πÄ‡∏ó‡∏û‡∏°‡∏´‡∏≤‡∏ô‡∏Ñ‡∏£, ‡∏õ‡∏£‡∏∞‡πÄ‡∏ó‡∏®‡πÑ‡∏ó‡∏¢"
[],RT @ThePSF: Looking for a job? There are over 90 jobs posted on the Python Job Board - https://t.co/HfrDboAVbd,AlexisSaenzM,"Medell√≠n, Colombia"
[],"RT @donnacamos88: junior developer position: 

You must know:
HTML 
CSS 
JavaScript 
React 
Vue 
Angular 
Java 
PHP 
C
C++ 
Ruby on Rails‚Ä¶",iammusahmadu,BlueEarth
[],"RT @donnacamos88: junior developer position: 

You must know:
HTML 
CSS 
JavaScript 
React 
Vue 
Angular 
Java 
PHP 
C
C++ 
Ruby on Rails‚Ä¶",OGBowes,
"['python', 'javascript', 'angular', 'reactjs', 'vuejs', 'perl', 'ruby', 'Csharp']","RT @ProgrammerBooks: Apache Maven 3 Cookbook ==&gt; https://t.co/MA6bztJe4Q

#python #javascript #angular #reactjs #vuejs #perl #ruby #Csharp‚Ä¶",SpliphDude,
[],"RT @donnacamos88: junior developer position: 

You must know:
HTML 
CSS 
JavaScript 
React 
Vue 
Angular 
Java 
PHP 
C
C++ 
Ruby on Rails‚Ä¶",iammusahmadu,BlueEarth
[],RT @kthalps: Matt Taibbi @mtaibbi &amp; I review some of the worst attacks on Tulsi Gabbard and how they echo McCarthy but Monty Python. Then w‚Ä¶,pergola2940,
['python'],RT @realpython: 7 Common Mistakes That Django Developers Make #python https://t.co/MomnFFyc3D,rapotair,"Accra, Ghana"
[],"@OjeetDeol I really only just went for Web Design,,, my professor went ‚Äúbuy the $300 book‚Äù only to get 2 pages and‚Ä¶ https://t.co/Va5WuA9n6Z",sadieistrying,
[],"RT @donnacamos88: junior developer position: 

You must know:
HTML 
CSS 
JavaScript 
React 
Vue 
Angular 
Java 
PHP 
C
C++ 
Ruby on Rails‚Ä¶",karinduboy,bueno
[],"RT @brettmor: Just taught my first solo @astropy workshop, and was a bit surprised how many Python users don't use astropy. 

Please RT and‚Ä¶",DarkSapiens,Spain
[],And not forgetting Spongebob the Burmese python. https://t.co/B9RMrp7cNp,aliivens,
"['github', 'Python', 'C', 'Smarty', 'Shell', 'Makefile']",Build doctest to test python docstrings https://t.co/PRr7cNRWUC #github #Python #C++ #Smarty #Shell #Makefile,first_issues,127.0.0.1
"['github', 'Python', 'C', 'Smarty', 'Shell', 'Makefile', 'Python', 'TeX', 'Shell', 'Dockerfile', 'R']",Clean up TFP io https://t.co/ju5kUsXP8R #github #Python #C++ #Smarty #Shell #Makefile #Python #TeX #Shell #Dockerfile #R,first_issues,127.0.0.1
[],"RT @BrendanL2011: @TripeUK @MrMalky Going a lot further than Monty Python's ""Ministry of Housinge"".",TheFabledAesop,"Ancient Greece... possibly,"
[],The 10 round interview is a scam called free consulting. Tell them 500 for the Initial consultation and 2500 for ea‚Ä¶ https://t.co/kfgB3i7JsT,solon_thinker,
[],"RT @realpython: üêç Python API Tutorials

Tutorials related to Python API design or interacting with APIs using Python. REST APIs in web appl‚Ä¶",asombre,
[],Python Machine Learning: A Step By Step Beginners Guide To Understanding Machine Learning With Python‚Ä¶ https://t.co/ljFDiFxPYV,Datascience__,
[],"RT @realpython: üêç Python API Tutorials

Tutorials related to Python API design or interacting with APIs using Python. REST APIs in web appl‚Ä¶",cyber_math,[ Jupyter-Notebook ]
"['DataScience', 'Could', 'MachineLearning', 'ArtificialIntelligence', 'NLP']",RT @bigdataconf: How #DataScience #Could Become A Mainstream Career https://t.co/DZuHBBBbkJ #MachineLearning #ArtificialIntelligence #NLP #‚Ä¶,chidambara09,Mysore  and  BERLIN 
[],@pascal_bornet @alvinfoo @kashthefuturist @FrRonconi @MikeQuindazzi @Paula_Piccard @Ronald_vanLoon @jerome_joffre‚Ä¶ https://t.co/n0PLMnBb84,ScRBlank,ÈºáÁæéÊ¥≤Â§ßÈôÜ„ÄÅÁæéÂúã„ÄÅÂåóÂç°ÕûÔºõNC (US)
[],"RT @donnacamos88: junior developer position: 

You must know:
HTML 
CSS 
JavaScript 
React 
Vue 
Angular 
Java 
PHP 
C
C++ 
Ruby on Rails‚Ä¶",alferpal,"Barcelona, Spain"
[],RT @odsc: Still need to go over the fundamentals of Python? Take a look at this primer by Dimitri Theoharatos of @ThisIsMetis about A/B tes‚Ä¶,richard_owona,Douala
[],is minecraft python,turburble,
['100DaysOfWeb'],"RT @FarinHeiT42: Day 52 of #100DaysOfWeb. 
Today I've got acquainted with ReactJS(honestly speaking, after VueJS - React looks so complicat‚Ä¶",h3nrykalolo,Lilongwe Malawi
[],The quote reminds me of Monty Python's Black Knight https://t.co/kTUOBplJHD,bulldog82,"Dallas, TX"
[],"RT @donnacamos88: junior developer position: 

You must know:
HTML 
CSS 
JavaScript 
React 
Vue 
Angular 
Java 
PHP 
C
C++ 
Ruby on Rails‚Ä¶",kyo_walker,somewhere
[],RT @zeldacw: I always sketched Luo BingHe being silly...here's my little attempt to save his image a bit XD   (no idea what the dark moon p‚Ä¶,wangxian_nation,
[],"RT @donnacamos88: junior developer position: 

You must know:
HTML 
CSS 
JavaScript 
React 
Vue 
Angular 
Java 
PHP 
C
C++ 
Ruby on Rails‚Ä¶",itxDeeni,"Nigeria, Africa, Earth"
"['udemyfree', 'udemycoupon']","Beginning C++ Programming - From Beginner to Beyond #udemyfree #udemycoupon 

-&gt; https://t.co/IjyV23mNhF‚Ä¶ https://t.co/z0e7ScYu39",FreeHipwee,
"['udemyfree', 'udemycoupon', 'development']","RT @FreeHipwee: Beginning C++ Programming - From Beginner to Beyond #udemyfree #udemycoupon 

-&gt; https://t.co/IjyV23mNhF

#development #Pro‚Ä¶",CoderNotesBot,codeanywhere.com
['100DaysOfCode'],RT @EboraReinwald: #100DaysOfCode  Day5: Not much coding today. Researching about SQL. So that I could store the data into a database. So I‚Ä¶,h3nrykalolo,Lilongwe Malawi
[],"If programming languages were cricketers

Don Bradman - C Language
Sachin Tendulkar - C++
Virat Kohli - Python
Rohi‚Ä¶ https://t.co/6v3rFFLqCU",maddyraj,Bangalore/ New Delhi
['Python'],RT @CsharpCorner: Built-In Functions In #Python - Map() And Reduce() by Harpreet Kaur cc @CsharpCorner https://t.co/3N4OveejP4 https://t.co‚Ä¶,StageLarsen,"N√∏rrebro, Copenhagen"
['python'],RT @pedroclapers: Excellent #python course for beginners by @moshhamedani Only point of improvement: I would like more exercises. Neverthel‚Ä¶,Jeremy972i,
[],"RT @realpython: üêç The Ultimate Guide to Data Classes in Python 3.7 
Data classes are one of the new features of Python 3.7. With data class‚Ä¶",asombre,
[],Yikesssss üòÆ https://t.co/yq8uGJus0N,MsLoveRose83,"detroit, MI"
[],@pascal_bornet @alvinfoo @kashthefuturist @FrRonconi @MikeQuindazzi @Paula_Piccard @Ronald_vanLoon @jerome_joffre‚Ä¶ https://t.co/0l9Ou0Zjco,ScRBlank,ÈºáÁæéÊ¥≤Â§ßÈôÜ„ÄÅÁæéÂúã„ÄÅÂåóÂç°ÕûÔºõNC (US)
['python'],Merge value item and relevant infos from its ‚Äúparent‚Äù https://t.co/Pr5ssSFZXl #python,pythonlangbot,
"['exactoppositeapplies', 'textimage', 'sweat', 'math', 'something']","Read Text from Image with One Line of Python Code
#exactoppositeapplies #textimage #sweat #math #something‚Ä¶ https://t.co/XQWj8A6rsu",codecidedotnet,"Chicago, IL"
[],"I have a few non-standard applications.
Veracrypt.
VS code.
Python 3.
Git bash.

I also have Golang, but could live‚Ä¶ https://t.co/7B2EWQoE9r",lnxdork,/home/lnxdork/barn/
['PythonCode'],Knowledge Graph ‚Äî A Powerful Data Science Technique to Mine Information from Text (with Python code) https://t.co/brf09t5pji  #PythonCode,pythonbot_,
[],"RT @carrickdb: Me while learning my first programming language: This is great; I want to learn new things forever.

Me while learning Ruby‚Ä¶",bgj,Phoenixish
[],Been sittin on the same script for 3 day now bro,Shenaniganz301,PG Murrland
['python'],RT @pedroclapers: Excellent #python course for beginners by @moshhamedani Only point of improvement: I would like more exercises. Neverthel‚Ä¶,boina92,Paris
"['BigData', 'Analytics', 'DataScience', 'AI', 'MachineLearning', 'IoT', 'IIoT']","RT @gp_pulipaka: My Shortlist of AI &amp; ML Stuff: Books, Courses and More. #BigData #Analytics #DataScience #AI #MachineLearning #IoT #IIoT #‚Ä¶",viviane41861305,S√ÉO PAULO
[],"RT @MrDataScience: What do you get when you cross a pirate with a data scientist? Answer: Someone who specializes in R 
https://t.co/8Wa9ru‚Ä¶",domingonarvaez1,Aragua-Vzla
"['datascience', 'ai', 'machinelearning']","Ever wondered what is in the heart of a Data Scientist ? ‚ù§Ô∏è üòÖ

‚Ä¢
‚Ä¢
‚Ä¢
‚Ä¢
#datascience #ai #machinelearning‚Ä¶ https://t.co/njvwojjVHy",aqreal0,"Karachi, Pakistan"
[],Only 2 months 2 days 6 hours 29 minutes left until Python 2 retires,python2clock,
"['python', 'programming']","RT @i_am_programer: TEXT TO SPEECH USING PYTHON (Create your own audio book)

‚òû https://t.co/jDMmbrzpH9

#python #programming https://t.co/‚Ä¶",kadirsahan,United States
[],"Improved the Bash script a lot hour ago, but then one person in a Slack group did a rewrite in Python in a few minu‚Ä¶ https://t.co/yM3m6k7mjx",autiomaa,"Helsinki, Finland üá´üáÆ"
[],"RT @carrickdb: Me while learning my first programming language: This is great; I want to learn new things forever.

Me while learning Ruby‚Ä¶",yestinj,United Kingdom
"['python', 'git']","Random commit message from my local git(s), 64 of 172:

  twiddle

#python
#git

[h/t for inspiration to @ gitlost]",botvolution,/dev/loop0 UK
"['DataScience', 'Books', 'BigData', 'Analytics', 'GeoSpatial', 'GIS', 'AI', 'MachineLearning', 'IoT', 'IIoT']",RT @gp_pulipaka: List of 60+ #DataScience #Books/Big Data Resources. #BigData #Analytics #GeoSpatial #GIS #AI #MachineLearning #IoT #IIoT #‚Ä¶,viviane41861305,S√ÉO PAULO
"['coding', 'github', 'code', 'python']","What is GitHub and Why is it Used? | techsocialnetwork¬†

https://t.co/rFadJx3u1Y 

#coding #github #code #python‚Ä¶ https://t.co/TkWXcJX6KD",techsocialnet,"Bingley, England"
[],RT @dbader_org: üíªüêç Want to write better code with Python type checking &amp; type annotations? Check out the latest course we just released on‚Ä¶,asombre,
"['R', 'Python']","#R vs #Python, which one should you learn? ü§î If you‚Äôre interested in learning about their respective strengths and‚Ä¶ https://t.co/6gqFr52I7Y",FlatironSchool,"New York, NY"
[],"Senior Software Engineer (C++ and Python), ARM, Manchester, United Kingdom

https://t.co/dfLK5dhH8c",TechJobsInEuro,
[],"John Cleese on why there is no hope for the world, or for a Monty Python reunion https://t.co/NqnwIGGdUg",EINPalinNews,"Washington, D.C."
"['ArtificialIntelligence', 'MachineLearning']","Converting multi layered xml files to dataframes in python using xmltree
 #ArtificialIntelligence #MachineLearning‚Ä¶ https://t.co/cn8AfONFiM",rudyagovic,"Minneapolis, MN"
"['Spectrum', 'InternetSpeed', 'automagic', 'python', 'corporateaccountability']","#Spectrum My #InternetSpeed :
Ping: 37.21 ms
Download: 216.18 Mbit/s
Upload: 11.63 Mbit/s
#automagic #python #corporateaccountability",BeardySmeardy,"Newtown, CT"
[],"@joncoopertweets You remind me of Monty Python's handcart of bodies.
 To paraphrase the old man's line:
""They're not quite dead yet""",ingalls_rich,"St Simons, GA"
"['PythonDeveloper', 'FinTech']",We're looking for a London-based #PythonDeveloper for one of our #FinTech clients. Offering real perks including‚Ä¶ https://t.co/8LHARjGXSk,Consortia,United Kingdom
['python'],RT @pythonlangbot: Merge value item and relevant infos from its ‚Äúparent‚Äù https://t.co/Pr5ssSFZXl #python,boina92,Paris
[],RT @MrLewisVuitton: Lately the market is becoming ridiculous. Asking for so much and pay doesn‚Äôt match the work load. And this is with star‚Ä¶,The_Wamuhu,earth
"['udemy', 'coupons', 'discount', '100DaysOfCode']","Free Courses - Angular 7 and 8 - Elements -&gt; https://t.co/WCbdeURSoj

#udemy #coupons #discount #100DaysOfCode‚Ä¶ https://t.co/8gIp8xCqqi",FreeCourses5,
"['inktober', 'inktober2019']","RT @illeity: INKTOBER DAY 29: Injured

""It's just a flesh wound.""
-Black Knight, Monty Python and the Holy Grail.

#inktober
#inktober2019‚Ä¶",Noahs_Arkanoid,
[],"Subject: b'Your RIPE Atlas Probe (ID: xxxxx) is not connected to our network'

somebody didn't update their python code",a_z_e_t,‚í∂ut‚òÖn‚äïm‚äúus Œ£ys‚öë‚àÑm
"['udemy', 'coupons', 'discount', '100DaysOfCode']","RT @FreeCourses5: Free Courses - Angular 7 and 8 - Elements -&gt; https://t.co/WCbdeURSoj

#udemy #coupons #discount #100DaysOfCode #webdevelo‚Ä¶",CoderNotesBot,codeanywhere.com
[],RT @techiemum88: Today I integrated SCSS with my Django project and got it compiling Bootstrap beautifully straight into my e-commerce stor‚Ä¶,AaronCuddeback,"Sacramento, CA"
['hinckelsbot'],Python is really cool! #hinckelsbot,luizhinckel,
[],Introduction to Data Visualization with Python: Learn more complex data visualization techniques using Matplotlib a‚Ä¶ https://t.co/cQoAB5fpIM,DD_NaNa_,Australia
"['udemyfree', 'udemycoupon', 'development']","RT @FreeHipwee: Beginning C++ Programming - From Beginner to Beyond #udemyfree #udemycoupon 

-&gt; https://t.co/IjyV23mNhF

#development #Pro‚Ä¶",AaronCuddeback,"Sacramento, CA"
[],"@fabioduran We can change it to whatever we like, since they likely broke abi for the millionth time. Just update t‚Ä¶ https://t.co/4jBDsWM4Ff",hergertme,"Portland, OR and Washington State"
"['list', 'services', 'free', 'developers']",Here is a curated #list including massive amount of #services offering #free tiers for #developers‚Ä¶ https://t.co/rfkyuCnGng,4thecoding,San Francisco
['RT'],#RT @CodeHS: Python 3... Node JS... C++... CodeHS is adding new programming languages. Come learn all about it at‚Ä¶ https://t.co/DFkHkmSzX1,CodeHS_Adam,Alabama
"['list', 'services', 'free', 'developers']","RT @4thecoding: Here is a curated #list including massive amount of #services offering #free tiers for #developers 

https://t.co/bUKvubW9O‚Ä¶",CoderNotesBot,codeanywhere.com
[],RT @mazinwakamma1: Now many of us will begin to reason the type of politicians Fulani Caliphate planted in our land for so long. They consp‚Ä¶,mazinwakamma1,Biafra 
"['python', 'nierpixel', 'programming', 'code', 'learning']","""This"" in Python #python #nierpixel #programming #code #learning https://t.co/XHKqlye48x https://t.co/VlS6aIMMSc",EISKino,"Connecticut, USA"
[],[Read] Kindle Image Processing and Acquisition using Python (Chapman &amp; Hall/CRC Mathematical and Computational Imag‚Ä¶ https://t.co/5PL33KfBoD,zitacanez,amerika
"['movies', 'tutorial', 'python']",Who doesn't like #movies - Movie data  #tutorial #python https://t.co/EDckZQYzz8,ScrapeHero,"US HQ, Global Operations"
['October19CTComp'],RT @CS_BHHS: Check out these submissions for #October19CTComp.  BHHS's Intro to CS students created these with Python code and CMU's #CMUCS‚Ä¶,Elijahrupbhhs,"Fleetwood, PA"
"['udemy', 'coupons', 'discount', '100DaysOfCode']","RT @FreeCourses5: Free Courses - Angular 7 and 8 - Elements -&gt; https://t.co/WCbdeURSoj

#udemy #coupons #discount #100DaysOfCode #webdevelo‚Ä¶",AaronCuddeback,"Sacramento, CA"
['October19CTComp'],RT @CS_BHHS: Check out these submissions for #October19CTComp.  BHHS's Intro to CS students created these with Python code and CMU's #CMUCS‚Ä¶,HershMegan,
[],RT @zeldacw: I always sketched Luo BingHe being silly...here's my little attempt to save his image a bit XD   (no idea what the dark moon p‚Ä¶,hopeandjoy9,
[],"Checkout TreasurySpring on WorksHub

Our ground-breaking platform for the issuance of Fixed-Term Funds (FTFs) enabl‚Ä¶ https://t.co/AphtHyvG91",Functionalworks,London | NYC | San Diego
"['movies', 'tutorial', 'python']",RT @ScrapeHero: Who doesn't like #movies - Movie data  #tutorial #python https://t.co/EDckZQYzz8,CP_Fischer,
[],"RT @donnacamos88: junior developer position: 

You must know:
HTML 
CSS 
JavaScript 
React 
Vue 
Angular 
Java 
PHP 
C
C++ 
Ruby on Rails‚Ä¶",nin9_teen,
['python'],"Building static #python is surprisingly easy, although none of the existing formulas I found give the full picture.‚Ä¶ https://t.co/hjJuCexrzV",AstraLuma,West Michigan
[],"Checkout TreasurySpring on WorksHub

Our ground-breaking platform for the issuance of Fixed-Term Funds (FTFs) enabl‚Ä¶ https://t.co/a3UBG2mdeJ",workshub,"New York, USA"
['October19CTComp'],RT @CS_BHHS: Check out these submissions for #October19CTComp.  BHHS's Intro to CS students created these with Python code and CMU's #CMUCS‚Ä¶,carterbucks00,
['SfN19'],"RT @sofroniewn: Out at #SfN19 for @cziscience - if any wants to chat about open source, neuroscience, or imaging get in touch!

I can also‚Ä¶",bercowskya,"Barcelona, Spain"
[],RT @pythonbot_: Knowledge Graph ‚Äî A Powerful Data Science Technique to Mine Information from Text (with Python code) https://t.co/brf09t5pj‚Ä¶,JustBeMentalist,Shropshire
"['list', 'services', 'free', 'developers']","RT @4thecoding: Here is a curated #list including massive amount of #services offering #free tiers for #developers 

https://t.co/bUKvubW9O‚Ä¶",AaronCuddeback,"Sacramento, CA"
[],"RT @Thato_Mkk: Good day All

Our recruitment agency is seeking to fill two positions. If anyone is interested, please see the links below.‚Ä¶",Pidoxi,
[],@addicted2newz @BrexitDoyin Monty Python couldn‚Äôt make this shit up!!!,OG_mcmliv,üá¨üáß Shakespeare's County üá¨üáß
"['udemy', 'coupons', 'discount', '100DaysOfCode']","RT @FreeCourses5: Free Courses - Angular 7 and 8 - Elements -&gt; https://t.co/WCbdeURSoj

#udemy #coupons #discount #100DaysOfCode #webdevelo‚Ä¶",NaijaTech001,"Abuja, Nigeria"
"['list', 'services', 'free', 'developers']","RT @4thecoding: Here is a curated #list including massive amount of #services offering #free tiers for #developers 

https://t.co/bUKvubW9O‚Ä¶",NaijaTech001,"Abuja, Nigeria"
"['napari', 'napari']","RT @Merlin_Lange: #napari is officially out, congratulation to all the #napari developers. A great tool for image visualisation with the po‚Ä¶",sofroniewn,"San Francisco, CA"
"['BigData', 'Analytics', 'DataScience', 'AI', 'MachineLearning', 'CyberSecurity', 'IoT']",RT @gp_pulipaka: Data Poisoning Attacks Against Online Learning. #BigData #Analytics #DataScience #AI #MachineLearning #CyberSecurity #IoT‚Ä¶,cybersec_feeds,Internet
[],@softandw3t Whenever somebody keeps asking me questions they can find out with a google search I just give them a l‚Ä¶ https://t.co/mvO6POw564,iVesperX,"Newark, DE"
[],RT @nickreeves9876: @MattHancock People have every right to be scared. John Major warned that left with the Tory Brexiters the NHS would be‚Ä¶,LePlanRex,"Port of Ramsgate, √úberemoania"
[],@sporkmonger Hahaha. Stick to Python ;),cyberomin,celestineomin@gmail.com
"['github', 'Python', 'C', 'Objective', 'Shell']",Add type annotations for the rest of the codebase https://t.co/iiScH4Pdlw #github #Python #C #Objective-C #Shell‚Ä¶ https://t.co/GHwTRUFzFq,first_issues,127.0.0.1
"['github', 'Python', 'C', 'Objective', 'Shell', 'Assembly', 'C', 'TeX']",Improve Checkbox options access https://t.co/JqXUrVDY1m #github #Python #C #Objective-C #Shell #Assembly #C++ #TeX‚Ä¶ https://t.co/rzCC5hQokp,first_issues,127.0.0.1
[],@JeffMacIsHere @atrupar That's Rudy's opening statement. Then John Barron will be called as a surprise prosecution‚Ä¶ https://t.co/WFPWYC5mzg,PutinPuppetRump,Frederick md
"['BigData', 'Analytics', 'DataScience', 'AI', 'MachineLearning', 'IoT', 'IIoT']","RT @gp_pulipaka: My Shortlist of AI &amp; ML Stuff: Books, Courses and More. #BigData #Analytics #DataScience #AI #MachineLearning #IoT #IIoT #‚Ä¶",Jeremy972i,
['October19CTComp'],RT @CS_BHHS: Check out these submissions for #October19CTComp.  BHHS's Intro to CS students created these with Python code and CMU's #CMUCS‚Ä¶,Jacob98237784,
['October19CTComp'],RT @CS_BHHS: Check out these submissions for #October19CTComp.  BHHS's Intro to CS students created these with Python code and CMU's #CMUCS‚Ä¶,HershMegan,
[],Kindle Free Deep Learning with Python: A Hands-on Introduction &gt;&gt; https://t.co/dXqwqjMERF,naomibiblemymy,amerika
['python'],#python tweeps! You are creating a tool that will require potentially complex configuration. Do you ask users to cr‚Ä¶ https://t.co/fHSMlhbpQV,snim2,"West Midlands, UK"
[],"RT @hermanntrude: My friends:  *beating me to death for quoting Monty Python one too many times*

My mangled remains: And there was much re‚Ä¶",henchbeaver,Anchorage Alaska
[],"RT @kenn_exe: Entry Level

7 years experience required

:) https://t.co/wS0YWfQ1pT",amanthagawd,web developer
"['Cybersecurity', 'BigData', 'Analytics', 'DataScience', 'AI']",Via @gp_pulipaka #Cybersecurity: Cracking Passwords and Secure Steganography. #BigData #Analytics #DataScience #AI‚Ä¶ https://t.co/xwhvSQlMiK,ServnetUK,London
"['Cybersecurity', 'BigData', 'Analytics', 'DataScience', 'AI']",RT @ServnetUK: Via @gp_pulipaka #Cybersecurity: Cracking Passwords and Secure Steganography. #BigData #Analytics #DataScience #AI #MachineL‚Ä¶,ServerlessFan,Sri Lanka
"['Probability', 'DataScientists', 'abdsc', 'BigData']","RT @KirkDBorne: @wzchen @stat110 Cheat Sheet on #Probability for #DataScientists: https://t.co/gzkl0ARs7R 
‚Äî‚Äî‚Äî‚Äî‚Äî‚Äî
#abdsc #BigData #DataScie‚Ä¶",PandhareSidhesh,"Pune, India"
[],"RT @_tomchristie: Uvicorn 0.10 is released, including:

* Python 3.8 support.
* Coloured terminal log outputs
* Better out of the box confi‚Ä¶",roramirez,"Chill√°n, Chile"
[],parsing files https://t.co/ewThwts5ld Hi  You should be able to parse some xml files and code in python. (Budget: $‚Ä¶ https://t.co/RbE66uy96K,python_import,
[],Preprocessing of Data for lstm model https://t.co/Kzl1dcfwEp Given a datatest modify it as requires to feed to an l‚Ä¶ https://t.co/KDDDs1kVch,python_import,
"['python', 'programming']","RT @python_programm: Python Tutorial | Python Functions and Functional Programming 

‚òû https://t.co/4mpl0NCO7Q

#python #programming https:‚Ä¶",aysha_jawed,"Dubai, United Arab Emirates"
[],"RT @ThatEricAlper: Michael Palin, John Cleese and Eric Idle on the set of Monty Python and the Holy Grail. https://t.co/giOv86z9mU",345341063e684a4,Mother Earthüåç 
[],Free Online Classes - Bootstrap 4 Website Built From Scratch HTML5 CSS3 &amp; VS Code -&gt; https://t.co/YkGLHejhMj‚Ä¶ https://t.co/Vq0hPE5eY9,freeonlineclas7,
['udemy'],"RT @freeonlineclas7: Free Online Classes - Bootstrap 4 Website Built From Scratch HTML5 CSS3 &amp; VS Code -&gt; https://t.co/YkGLHejhMj

#udemy #‚Ä¶",CoderNotesBot,codeanywhere.com
"['python', 'trip', 'travel', 'planner', 'cli']",RT @PythonWeekly: trip-planner - A CLI tool for planning trip itinerary. https://t.co/xxJlseiFgf #python #trip #travel #planner #cli https:‚Ä¶,Phara0n1x,
[],RT @OfficialHHHCSD: Mr. Scorcia‚Äôs Psychology class at Hills East took a trip to the Bronx Zoo to study animal behavior as part of a larger‚Ä¶,HSETBIRDTV,
[],One week solo up coming concidencing with Intense Candy Resist and final week pre python mode. Going to be interest‚Ä¶ https://t.co/ex5JTzjnSq,DinkMagic,
['cybercrime'],Researchers find bug in Python script may have affected hundreds of studies  https://t.co/bw1MI2QTdf #cybercrime‚Ä¶ https://t.co/MBx0VSupak,OverlordTech,Seattle
"['MachineLearning', 'DeepLearning']","RT @Ronald_vanLoon: Essential Cheat Sheets for #MachineLearning and #DeepLearning Engineers
 by @ahkailash1 @Medium |
 
 Read more at 
 
 #‚Ä¶",koomekevo,Kenya
[],"RT @donnacamos88: junior developer position: 

You must know:
HTML 
CSS 
JavaScript 
React 
Vue 
Angular 
Java 
PHP 
C
C++ 
Ruby on Rails‚Ä¶",SupBrave,"Las Vegas, NV"
[],@segalink Military regime. Dictatorship on the high. We know that the targeted area is the Eastern region because a‚Ä¶ https://t.co/BUjYeNUWFC,Carlito38564738,"Abuja,Nigeria"
"['github', 'Python', 'C', 'Objective']",Write an extended glob to extended regex (ERE) translator https://t.co/LowMXQhvUU #github #Python #C #Objective-C‚Ä¶ https://t.co/ZNoa9FPbui,first_issues,127.0.0.1
['udemy'],"RT @freeonlineclas7: Free Online Classes - Bootstrap 4 Website Built From Scratch HTML5 CSS3 &amp; VS Code -&gt; https://t.co/YkGLHejhMj

#udemy #‚Ä¶",DevHighlights,
[],"Sunday Paper - Facial Recognition, Python, Happiness, Apple Software Quality, iCloud https://t.co/ZdDhtllw9J https://t.co/4nEdtzy82T",nerdydragon,"Boise, ID and Reno, NV"
[],"Easy Natural Language Processing (NLP) in Python
‚òû https://t.co/Eiy3RpnGf6

CvqVY1REV3H_ https://t.co/ByWdmLztPs",web_devv,United States
"['Python', 'Programming']","A Practical Introduction to Python Lambda Functions by George Seif https://t.co/BaS2FqvpVo

#Python #Programming",Roger_M_Taylor,London
[],"RT @keithmobrien: Behav. Scientists of Twitter: I'm looking to keep my skills sharp - what things do I need for the future?

1. Data skills‚Ä¶",pauldadams,"Utrecht, The Netherlands"
[],"RT @MIT_CSAIL: The most-discussed programming languages on @StackOverflow since 2008. 

2008-2012: C#
2012-2013: Java
2013-2018: Javascript‚Ä¶",GregBittar,Brazil
[],"RT @donnacamos88: junior developer position: 

You must know:
HTML 
CSS 
JavaScript 
React 
Vue 
Angular 
Java 
PHP 
C
C++ 
Ruby on Rails‚Ä¶",AlexxRavera,
[],"oh, missed that part, totally inappropriate...

Did you see this @reubing?

As Monty Python says:

""You have been a‚Ä¶ https://t.co/XSh9jpl2l3",rosejuls77,USA
"['github', 'JavaScript', 'Go', 'Python', 'Shell']","[UI] Change ""More..."" to ""See More"" and add icon https://t.co/1RgL42wa3Y #github #JavaScript #Go #Python #Shell‚Ä¶ https://t.co/H46HSXfmkV",first_issues,127.0.0.1
[],RT @dbader_org: üíªüêç Want to write better code with Python type checking &amp; type annotations? Check out the latest course we just released on‚Ä¶,linuxmil,
[],"RT @donnacamos88: junior developer position: 

You must know:
HTML 
CSS 
JavaScript 
React 
Vue 
Angular 
Java 
PHP 
C
C++ 
Ruby on Rails‚Ä¶",JaViToPwN,Albacete.
"['python', 'programming']","RT @i_am_programer: TEXT TO SPEECH USING PYTHON (Create your own audio book)

‚òû https://t.co/jDMmbrzpH9

#python #programming https://t.co/‚Ä¶",boina92,Paris
[],"RT @donnacamos88: junior developer position: 

You must know:
HTML 
CSS 
JavaScript 
React 
Vue 
Angular 
Java 
PHP 
C
C++ 
Ruby on Rails‚Ä¶",ronnycarreras,Rep√∫blica Dominicana
['October19CTComp'],RT @CS_BHHS: Check out these submissions for #October19CTComp.  BHHS's Intro to CS students created these with Python code and CMU's #CMUCS‚Ä¶,EaglezUpdates,
"['python', 'programming']","RT @i_am_programer: TEXT TO SPEECH USING PYTHON (Create your own audio book)

‚òû https://t.co/jDMmbrzpH9

#python #programming https://t.co/‚Ä¶",Jeremy972i,
[],Python walked so Caspar could run https://t.co/U8p9Isx1aA,thatsgreatman,Florida
[],"RT @donnacamos88: junior developer position: 

You must know:
HTML 
CSS 
JavaScript 
React 
Vue 
Angular 
Java 
PHP 
C
C++ 
Ruby on Rails‚Ä¶",resaramdiansyah,"Bandung, Indonesia"
"['github', 'Kotlin', 'Python', 'CSS']",[Bug] Edit bookmarks screen - fields slightly not aligned https://t.co/E4ZR7rYxKE #github #Kotlin #Python #CSS‚Ä¶ https://t.co/yTzo0hzCC0,first_issues,127.0.0.1
"['programming', 'coding', 'programmer', 'javascript', 'coder', 'php', 'java', 'programminglife', 'developer']","RT @motherofnodejs: Don't worry, it's free*! #programming #coding #programmer #javascript #coder #php #java #programminglife #developer #py‚Ä¶",ybJoZeE,Nigeria
"['python', 'git']","RT @botvolution: Random commit message from my local git(s), 64 of 172:

  twiddle

#python
#git

[h/t for inspiration to @ gitlost]",boina92,Paris
[],RT @MailOnline: Python coils around monkey and suffocates it to death as dozens of its friends try to help https://t.co/bHXggU6bKD,tellus74,"New Babylon, U.S.A."
"['BestSeller', 'Courses', 'Data', 'Science', 'Course']","ùêÖùêÑùêÄùêìùêîùêëùêÑùêÉ ùêÇùêéùêîùêëùêíùêÑùêí

#BestSeller #Courses

The #Data #Science #Course 2019: Complete Data Science Bootcamp

Complete D‚Ä¶ https://t.co/e3aIgvfIWH",byLilyV,"Bradford, Yorkshire"
[],"RT @JulesJordan: This scene was interesting to shoot, because I don't normally shoot at night!  The huge python was a nice touch!  The colo‚Ä¶",xblackchristx,Gho$t Town NY
[],Python walked so Caspar could run https://t.co/pk1xvSfZGl,comeatmefools,
[],@lomelindi12 What a cracking name straight out of the carry on films or monty python ü§£ü§£,Chriswing14,uk
"['BigData', 'Analytics', 'DataScience', 'AI', 'MachineLearning', 'IoT', 'IIoT']",RT @gp_pulipaka: Deepfakes: When a Picture Is Worth Nothing at All. #BigData #Analytics #DataScience #AI #MachineLearning #IoT #IIoT #PyTor‚Ä¶,AmyOh89,"Austin, TX"
[],RT @LichOpOfficial: Here‚Äôs a little look behind the scenes of our photoshoot with our Knights of Camelot üëë Lovingly ripped off from the acc‚Ä¶,Charlutte,"Birmingham, UK"
[],Grimy darn and hey cockatoo a in some goodness therefore shivered that snickered spilled thus strange reindeer bat‚Ä¶ https://t.co/02G8bqYX9u,TWETEST01,Panopsville
"['DeepLearning', 'BigData', 'Analytics', 'DataScience']",RT @gp_pulipaka: How #DeepLearning Can Transform the Lives of the 1.3 Billion Blind People. #BigData #Analytics #DataScience #MachineLearni‚Ä¶,viviane41861305,S√ÉO PAULO
"['Jupyter', 'MachineLearning', 'DeepLearning', 'abdsc', 'BigData']","RT @KirkDBorne: #Jupyter Notebooks ‚Äî Fundamentals of #MachineLearning and #DeepLearning: https://t.co/BiKVYSSEO9 
‚Äî‚Äî‚Äî‚Äî
#abdsc #BigData #Dat‚Ä¶",jletteboer,The Netherlands
"['python', 'git']","RT @botvolution: Random commit message from my local git(s), 64 of 172:

  twiddle

#python
#git

[h/t for inspiration to @ gitlost]",Jeremy972i,
[],"anyone have Python blogs they like reading? I'm interested in anything, from science-focused to application-based",lodgepolepines,GSV Contents May Differ
"['MachineLearning', 'DeepLearning']","RT @Ronald_vanLoon: Essential Cheat Sheets for #MachineLearning and #DeepLearning Engineers
 by @ahkailash1 @Medium |
 
 Read more at 
 
 #‚Ä¶",Max_Lyashko,
[],"@beajammingh @adamhjk @garethr @chimeracoder Seconded.

It's not quite a walk in the park, depending on the languag‚Ä¶ https://t.co/rshdhtbQMB",lrewega,Space Station Silicon Valley
"['udemyfree', 'udemycoupon']","Easy to Learn React Tutorial using Hooks and REST API #udemyfree #udemycoupon 

-&gt; https://t.co/uJ7G0MgIrD‚Ä¶ https://t.co/8tB2A0WAyv",FreeHipwee,
[],@ZaminIqbal @3rdreviewer doesn't really matter. python and c both probably call the same rickety old fortran frameworks.,jjmerkin,"watertown, ma"
"['udemyfree', 'udemycoupon', 'Development']","RT @FreeHipwee: Easy to Learn React Tutorial using Hooks and REST API #udemyfree #udemycoupon 

-&gt; https://t.co/uJ7G0MgIrD

#Development  #‚Ä¶",CoderNotesBot,codeanywhere.com
"['Cybersecurity', 'BigData', 'Analytics', 'DataScience', 'AI']",RT @ServnetUK: Via @gp_pulipaka #Cybersecurity: Cracking Passwords and Secure Steganography. #BigData #Analytics #DataScience #AI #MachineL‚Ä¶,cool_golang,
[],"RT @Datascience__: Python Machine Learning: The Crash Course for Beginners to Programming and Deep Learning, Artificial Intelligence, Neura‚Ä¶",gavaskart1996,‡Æ™‡ØÅ‡Æ§‡ØÅ‡Æï‡Øç‡Æï‡Øã‡Æü‡Øç‡Æü‡Øà
"['Cybersecurity', 'BigData', 'Analytics', 'DataScience', 'AI']",RT @ServnetUK: Via @gp_pulipaka #Cybersecurity: Cracking Passwords and Secure Steganography. #BigData #Analytics #DataScience #AI #MachineL‚Ä¶,_AI_Assistant,
[],"Updates of https://t.co/zEP3r7NuuP   

Case 38
Manipulate PostgreSQL(Connect/Create Table/Insert/Select/Drop/Transa‚Ä¶ https://t.co/UDnBCrWIIj",hajimekurita,Most of post is about web technology&JP. Trying to post useful info for engineers. Plz follow me if useful for U
[],"Hahahahaha educated fans fooour,Python venom spitters fooour üòÇüòÇüòÇ https://t.co/jBcrJ8dYF8",eldrydge,"Leeds, England"
"['Cybersecurity', 'BigData', 'Analytics', 'DataScience', 'AI']",RT @ServnetUK: Via @gp_pulipaka #Cybersecurity: Cracking Passwords and Secure Steganography. #BigData #Analytics #DataScience #AI #MachineL‚Ä¶,cephalopodluke2,
[],RT @EFHSroom118: Retweet Lexi's python coding project below so she has a shot at winning the CMU CSA Twitter contest! https://t.co/YVTXNST6‚Ä¶,GlessnerKatie,
[],"RT @edurekaIN: Scrapy is a powerful web framework used for extracting, processing and storing data. In this tutorial on Scrapy https://t.co‚Ä¶",avi_dunken,Bangalore 
"['Trump', 'Repubs', 'Monty', 'Python', 'one']","#Trump &amp; #Repubs in #Monty #Python territory. Arms, legs #one, claim ""we're winning."" Who U kidding? Certainly not‚Ä¶ https://t.co/SuIxlok6FZ",HelenFogarassy,"new york, ny"
"['Cybersecurity', 'BigData', 'Analytics', 'DataScience', 'AI']",RT @ServnetUK: Via @gp_pulipaka #Cybersecurity: Cracking Passwords and Secure Steganography. #BigData #Analytics #DataScience #AI #MachineL‚Ä¶,_serverlessbot_,
[],"Just want to take a moment to appreciate my favorite Python related technologies, shoutouts to: Pipenv, Flake8, and‚Ä¶ https://t.co/HyYhBuVJMc",akatoncesaid,"Brooklyn, NY"
[],"@lodgepolepines Back in the say we had to read ""The Python Cookbook"" at Borders",cbarrett,Honolulu to Brooklyn
[],"@lodgepolepines Back in the day we had to read ""The Python Cookbook"" at Borders",cbarrett,Honolulu to Brooklyn
"['coding', 'github', 'code', 'python']","RT @techsocialnet: What is GitHub and Why is it Used? | techsocialnetwork¬†

https://t.co/rFadJx3u1Y 

#coding #github #code #python #softwa‚Ä¶",boina92,Paris
[],Interpreting Data Using Statistical Models with Python https://t.co/sXEvbIBQoC,allthecourses,
[],"RT @eldrydge: Hahahahaha educated fans fooour,Python venom spitters fooour üòÇüòÇüòÇ https://t.co/jBcrJ8dYF8",BobbyShata,Nowhere cool
[],"RT @donnacamos88: junior developer position: 

You must know:
HTML 
CSS 
JavaScript 
React 
Vue 
Angular 
Java 
PHP 
C
C++ 
Ruby on Rails‚Ä¶",KevinIsLopez,"West New York, NJ"
"['code', 'coding', 'geek', 'development']","The Python Mega Course: Build 10 Real World Applications
‚òû https://t.co/hJsOJW1Siv
#code #coding #geek #development‚Ä¶ https://t.co/X0WVc2aCKo",iamcodegeek,United States
[],"RT @donnacamos88: junior developer position: 

You must know:
HTML 
CSS 
JavaScript 
React 
Vue 
Angular 
Java 
PHP 
C
C++ 
Ruby on Rails‚Ä¶",foouorrzcctz,
"['Python', 'Programming']","RT @Roger_M_Taylor: A Practical Introduction to Python Lambda Functions by George Seif https://t.co/BaS2FqvpVo

#Python #Programming",subhobrata1,
[],Learn the Building Blocks of Python for Absolute Beginners  https://t.co/QuvXgAStLn,DailyPythonInfo,
['PluralSight'],"""Interpreting Data Using Statistical Models with Python"" https://t.co/cBWaekPYUC #PluralSight",aafvstam,Nederland
[],Using Python Create Class Handle X Y Z Vectors Class Following Features 1 Create Vector Us¬†Q23948486 https://t.co/QCIluik7pY,TutorsHomework,United States
[],"RT @mohammadaskar2: Just merged a PR for my tool ""XSSRadare"" , python 3 is now supported and some cool feature added, give it a shot !

Sho‚Ä¶",1uffyD9,Sri Lanka
[],"RT @donnacamos88: junior developer position: 

You must know:
HTML 
CSS 
JavaScript 
React 
Vue 
Angular 
Java 
PHP 
C
C++ 
Ruby on Rails‚Ä¶",pasve_progresv,
"['Cybersecurity', 'BigData', 'Analytics', 'DataScience', 'AI']",RT @ServnetUK: Via @gp_pulipaka #Cybersecurity: Cracking Passwords and Secure Steganography. #BigData #Analytics #DataScience #AI #MachineL‚Ä¶,_OliviaBot,India
[],"RT @simonvc: üí• If anyone üë©üèæ‚Äçüíª in my network is intersted in joining a day 0 startup...
‚úÖ Exciting project
‚úÖ Python/Flask|Django/Celery üêç
‚úÖ‚Ä¶",mitulsudra,"Nottingham, UK"
[],"RT @nickreeves9876: @michaelgove @jeremycorbyn John Major warned that in the hands of the Tory Brexiters, the NHS would be about as safe as‚Ä¶",gregclemett,"Bristol, UK"
[],"Why waste hours and minutes on tasks that you can program to perform in seconds?

What do you work on every day tha‚Ä¶ https://t.co/cQ7PGo1hOy",AskExsultant,
[],New Online Courses - Laravel PHP: Introduction to Laravel for Absolute Beginners -&gt; https://t.co/e6AVn5cjiM‚Ä¶ https://t.co/BM2EBhIfDS,NewOnline23,
"['programming', 'java', 'python']","Comprehensive Course on Java and Object Oriented Programming
‚òû https://t.co/eX6RO49UtL
#programming #java #python‚Ä¶ https://t.co/oYN5n7odru",Programlg,United States
"['Marketing', 'OnlineBusiness', 'Startup', 'MOOC', 'BusinessSchool']",Python for Managers (Online) https://t.co/7HAr5JoRkg #Marketing #OnlineBusiness #Startup #MOOC #BusinessSchool‚Ä¶ https://t.co/La6MqvbAou,BusinessSchoolC,
"['Marketing', 'OnlineBusiness', 'Startup', 'MOOC', 'BusinessSchool']",RT @BusinessSchoolC: Python for Managers (Online) https://t.co/7HAr5JoRkg #Marketing #OnlineBusiness #Startup #MOOC #BusinessSchool #Digita‚Ä¶,StartupsBot,"San Francisco, CA"
[],"RT @JADALAREIGN: tmrw at @footlocker on 34th street, in celebration of women shedding social standards and taking pride in their own skin.‚Ä¶",JusAire,"Brooklyn, NY"
"['Marketing', 'OnlineBusiness', 'Startup', 'MOOC', 'BusinessSchool']",RT @BusinessSchoolC: Python for Managers (Online) https://t.co/7HAr5JoRkg #Marketing #OnlineBusiness #Startup #MOOC #BusinessSchool #Digita‚Ä¶,EileenRSmith78,"Baton Rouge, LA"
"['Python', 'Java', 'NoSQL', 'Redis', 'Kafka', 'RabbitMQ']","Venmo is looking for a Senior Software Engineer, Risk (Newton, MA) #Python #Java #NoSQL #Redis #Kafka #RabbitMQ‚Ä¶ https://t.co/8ApxtgNu53",hirefantastic,"Lehi, Utah"
[],If you notice the world is looking at giant Python snakes oh but for a reason pyrotechnics is responsible for hacki‚Ä¶ https://t.co/Ht8AmFnj11,Lois61963954,
"['Cybersecurity', 'BigData', 'Analytics', 'DataScience', 'AI']",RT @ServnetUK: Via @gp_pulipaka #Cybersecurity: Cracking Passwords and Secure Steganography. #BigData #Analytics #DataScience #AI #MachineL‚Ä¶,Jeremy972i,
[],"In this whole Vatican/wikipedia affair, Marshall is like the peasant in Monty Python who gets super excited about b‚Ä¶ https://t.co/CJAF7dAtzO",BeforeVirtue,The House of Being
"['ai', 'TensorFlow']","RT @pr0gramming: Complete Guide to TensorFlow for Deep Learning with Python

‚òû https://t.co/9kvBdcnR0C

#ai #TensorFlow https://t.co/4wCYO6‚Ä¶",Pvalsfr,"Nord-Pas-de-Calais, France"
[],RT @h1llbillies: FTA with America comes at a huge cost-Dispatches Ch4 last night 8pm ¬£500 million per week in NHS drug costs. If you like m‚Ä¶,DAWilson246,
[],"RT @realpython: üêç Python API Tutorials

Tutorials related to Python API design or interacting with APIs using Python. REST APIs in web appl‚Ä¶",nsphung,"Paris, France"
[],RT @WillingCarol: Python 3.8 documentation in Brazilian Portuguese. Thanks @pythonbrasil üêçüêçüêçüêçüéâüéâüéâüéâüáßüá∑üáßüá∑üáßüá∑üáßüá∑ https://t.co/Lh0x3ivOI4,hugopenna,Mundo
"['weather', 'minnesota', 'photo', 'raspberrypi', 'python']",This Hours Photo: #weather #minnesota #photo #raspberrypi #python https://t.co/MjfQ85G9zp,earaspi,"Lakeville, MN"
[],"@Pwn20wnd @Pwn20wnd question for ya what languages do you know python,java,swift etc ? And what is best in terms of Jailbreaking",doug_snape,"Newport, England"
[],"RT @voidspace: Another Python interview question that I always asked ""can you explain metaclasses?"".

No-one ever could and I didn't expect‚Ä¶",leggendario12,"Calgary, Alberta"
[],"@segalink These boko-haram infested soldiers will be deployed in our streets instead of Bornu. 
Is Buratai's python‚Ä¶ https://t.co/bSHtWOz19v",Carlito38564738,"Abuja,Nigeria"
[],Prefiro Objective-C e Swift,eddiebrros,United States
[],practice tweet from python script deployed to heroku: #0!,RayTrounday,"San Bruno, CA"
[],Coupons For Free - Complete web development bootcamp. From beginner to EXPERT! &gt; https://t.co/uGWphSEwEl‚Ä¶ https://t.co/osFWazmlyN,CouponsForFree3,
[],Anaconda Python Tutorial: Everything You Need to Know https://t.co/Ks7ho9xpnv via @DZoneInc,duytranvan,
[],"RT @CouponsForFree3: Coupons For Free - Complete web development bootcamp. From beginner to EXPERT! &gt; https://t.co/uGWphSEwEl

#webdevelopm‚Ä¶",CoderNotesBot,codeanywhere.com
[],"RT @realpython: üêç Python API Tutorials

Tutorials related to Python API design or interacting with APIs using Python. REST APIs in web appl‚Ä¶",Bring_IT_on_007,Pretoria
[],We design with Python at Beans and I posted this status the 2019-10-29 17:46:15.671244+00:00 https://t.co/3WjPTTiEtS,djenolove,Djenne Djeno
[],"@GbengaKuteyi Lol I stand by it still, just not a python!",OceanKindred,"Umlazi, South Africa"
[],python script in slack slash command using Flask https://t.co/eBZo5yzmuN https://t.co/6yILDiJTdW,overflow_meme,
[],"RT @donnacamos88: junior developer position: 

You must know:
HTML 
CSS 
JavaScript 
React 
Vue 
Angular 
Java 
PHP 
C
C++ 
Ruby on Rails‚Ä¶",al_wejdan,"Jeddah, Saudi Arabia"
[],@shoe0nhead @ArmouredSkeptic My first exposure to rabbits in any form was when I was five and I saw Monty Python's‚Ä¶ https://t.co/0qforSYBHC,Phantom_McBane,East Rogueport
['EconTwitter'],"RT @hhsievertsen: Hi #EconTwitter

I finally created a specification chart for a real projectü§ìü•≥

Had: robustness tab w. 6 specifications of‚Ä¶",FBpsy,
"['github', 'C', 'C', 'Python', 'Java', 'HTML', 'CMake', 'Shell', 'Fortran']",Cannot run gdb on engine https://t.co/Mzz2qbPOyR #github #C #C++ #Python #Java #HTML #CMake #Shell #Fortran‚Ä¶ https://t.co/akrdNeI5a2,first_issues,127.0.0.1
"['Pentesting', 'Python', 'CyberSecurity', 'Infosec']",RT @ptracesecurity: Bypassing Authentication on SSH Bastion Hosts https://t.co/oELbxhbDuD  #Pentesting #Python #CyberSecurity #Infosec http‚Ä¶,1uffyD9,Sri Lanka
[],practice tweet from python script deployed to heroku: #1!,RayTrounday,"San Bruno, CA"
[],RT @PythonKhaleesi: I am looking for a CTO who can oversee a team of developers who work with Python Django &amp; React Native.Please inbox me‚Ä¶,adeHolafatoki,"Lagos, Nigeria"
[],Learn Python - Free Interactive Python Tutorial: https://t.co/3HG7Lljrlw,Amitlight95,"New Delhi, India"
"['python', 'startup']",The latest Clare Evans Daily! https://t.co/1REqurzna4 Thanks to @grahamlithgow @sazmeister88 @AshtonsLegal #python #startup,ClareEvans,"Brighton, Sussex, UK"
"['python', 'startup']",RT @ClareEvans: The latest Clare Evans Daily! https://t.co/1REqurzna4 Thanks to @grahamlithgow @sazmeister88 @AshtonsLegal #python #startup,StartupsBot,"San Francisco, CA"
"['Cybersecurity', 'BigData', 'Analytics', 'DataScience', 'AI']",RT @ServnetUK: Via @gp_pulipaka #Cybersecurity: Cracking Passwords and Secure Steganography. #BigData #Analytics #DataScience #AI #MachineL‚Ä¶,rstatstweet,
[],"Senior Software Quality Assurance Engineer-Unifonic-Dubai-United Arab Emirates -Selenium, Cucumber, Appium, SOAPUI,‚Ä¶ https://t.co/JnFKKpZf4O",UAEjobs2u,
['networkengineers'],RT @ChendiDesmond: We Don't just write code ‚ò∫ but we write code and create routesüí™ we are #networkengineers we live in the terminal.üòé #Linu‚Ä¶,cybersec_feeds,Internet
[],"Senior Software Quality Assurance Engineer-Unifonic-Dubai-United Arab Emirates -Selenium, Cucumber, Appium, SOAPUI,‚Ä¶ https://t.co/27btPPURWN",UAEjobs2u,
"['weather', 'minnesota', 'photo', 'raspberrypi', 'python']",RT @earaspi: This Hours Photo: #weather #minnesota #photo #raspberrypi #python https://t.co/MjfQ85G9zp,Jeremy972i,
"['Cybersecurity', 'BigData', 'Analytics', 'DataScience', 'AI']",RT @ServnetUK: Via @gp_pulipaka #Cybersecurity: Cracking Passwords and Secure Steganography. #BigData #Analytics #DataScience #AI #MachineL‚Ä¶,TheCuriousLuke,Switzerland
[],practice tweet from python script deployed to heroku: #2!,RayTrounday,"San Bruno, CA"
"['ArtificialIntelligence', 'MachineLearning', 'ML']","RT @rudyagovic: Converting multi layered xml files to dataframes in python using xmltree
 #ArtificialIntelligence #MachineLearning #ML #Dat‚Ä¶",boina92,Paris
[],RT @TDataScience: Illustration with Python: Confidence Interval https://t.co/KvPWoVX8Qp,_seraph1,"Valencia,Venezuela"
